Delta Detector Width, Delta E Detector deposit,E Detector deposit,Outgoing Kinetic Energy
66.1,0.99154,64.9478,0.160704
66.2,0.99038,65.0489,0.160709
66.3,0.989223,63.7145,1.59623
66.4,0.988069,62.6093,2.80262
66.5,0.986919,61.7746,3.7385
66.6,0.985772,61.0767,4.53754
66.7,0.984628,60.4659,5.24951
66.8,0.983487,59.9169,5.8996
66.9,0.98235,59.415,6.50269
67,0.981216,58.9503,7.06847
